place,lat,lon,source,note
London,51.5074456,-0.1277653,nominatim,
Carfax,51.7519783,-1.2579335,nominatim,
Varna,43.2073873,27.9166653,nominatim,
Transylvania,46.0,25.0,override,"region center, Romania"
Amsterdam,52.3730796,4.8924534,nominatim,
Slovaks,49.6304791,25.1399331,nominatim,
England,52.5310214,-1.2649062,nominatim,
Bukovina,49.2974402,16.7732698,nominatim,
the Borgo Pass,53.5549463,-1.4814004,nominatim,
Hillingham,39.8681486,-75.6515297,nominatim,
Abbey,50.7345503,-108.7579928,nominatim,
the East Cliff,51.0990199,1.2056714,nominatim,
Turkey,39.294076,35.2316631,nominatim,
Piccadilly,51.5093856,-0.1359413,nominatim,
the Black Sea,52.0687719,4.2778376,nominatim,
Dardanelles,40.2091726,26.4413908,nominatim,
M.D.,18.4898458,-69.8033224,nominatim,
Mina,42.130056,-79.688104,nominatim,
Seward,37.1850331,-100.8928434,nominatim,
Vampire,50.7022495,4.5918613,nominatim,
East,3.9894393,14.178373,nominatim,
Magyar,47.1817585,19.5060937,nominatim,
Slovak,46.1514172,14.9383436,nominatim,
Greenland,77.6192349,-42.8125967,nominatim,
Ste,13.0368003,80.2464194,nominatim,
Renfield,52.9419608,1.1337933,nominatim,
the Green Park,51.5044559,-0.1437172,nominatim,
Madam Mina,22.5425143,88.3592002,nominatim,
Castle,51.6247029,-3.9454009,nominatim,
Veresti,47.6069649,26.4396175,nominatim,
the United States,47.8291375,-122.5970742,nominatim,
Europe,51.0,10.0,nominatim,
Attila,37.7697714,-88.7711732,nominatim,
China,35.000074,104.999927,nominatim,
France,46.603354,1.8883335,nominatim,
Germany,51.1638175,10.4478313,nominatim,
Texas,31.2638905,-98.5456116,nominatim,
the East Pier,54.2825349,-0.3870523,nominatim,
Tate Hill Pier,54.4894585,-0.6127467,nominatim,
Scotland,56.7861112,-4.1140518,nominatim,
Purfleet,-31.9433333,152.4675,nominatim,
America,39.7837304,-100.445882,nominatim,
Paddington,51.5161629,-0.1744856,nominatim,
South,18.2612839,-73.8444985,nominatim,
India,22.3511148,78.6677428,nominatim,
Bloxam,53.9214386,-130.1386338,nominatim,
Hildesheim,52.1527188,9.9518083,nominatim,
Vienna,48.2083537,16.3725042,nominatim,
West,18.7668687,-72.4387315,nominatim,
the Hotel Royale,0.3189383,32.5854411,nominatim,
Moldavia,47.2879608,28.5670941,nominatim,
east,3.9894393,14.178373,nominatim,
St. George’s Day,52.0459799,-0.7467318,nominatim,
Borgo Prund,47.2201539,24.7406598,nominatim,
Tokay,33.8736776,-106.7391847,nominatim,
china,35.000074,104.999927,nominatim,
Iceland,64.9841821,-18.1059013,nominatim,
Asia,51.2086975,89.2343748,nominatim,
Africa,11.5024338,17.7578122,nominatim,
Scythia,37.8219963,-86.9052698,nominatim,
Bulgar,15.4454424,26.3768271,nominatim,
Honfoglalas,46.1623381,18.3532511,nominatim,
Newcastle,54.9738474,-1.6131572,nominatim,
Dover,51.1251275,1.3134228,nominatim,
Hungary,47.1817585,19.5060937,nominatim,
ark,35.2048883,-92.4479108,nominatim,
Bistritz,47.1333,24.4833,override,"Bistrița, Romania (historic Bistritz)"
Chatham Street,51.4923888,-0.0899107,nominatim,
n’t,37.9456724,23.7139908,nominatim,
Desdemona,32.270414,-98.5503301,nominatim,
wasn’t,41.3106743,69.3268267,nominatim,
Marquesas,-9.7793255,-139.0067835,nominatim,
Titicaca,-15.7334907,-69.9357769,nominatim,
Korea,36.638392,127.6961188,nominatim,
Nuremberg,49.453872,11.077298,nominatim,
York,53.9656579,-1.0743052,nominatim,
Leeds,53.7974185,-1.5437941,nominatim,
East Cliff,51.3361267,1.4285146,nominatim,
R.A.,-3.0557909,-60.0544946,nominatim,
R.I.,41.7962409,-71.5992372,nominatim,
the West Cliff,50.7210023,-1.8786142,nominatim,
S.P.C.A.,48.8634445,-123.5218794,nominatim,
East wind,45.5123192,-122.4024335,nominatim,
Archipelago,38.0622276,25.7205887,nominatim,
Gibraltar,36.1285933,-5.3474761,nominatim,
Straits,34.729051,-76.5710368,nominatim,
the Bay of,7.4929263,-58.7794688,nominatim,
Biscay,43.238482,-2.8516316,nominatim,
North Foreland,51.3781622,1.4487445,nominatim,
the North Sea,55.7355049,9.1283737,nominatim,
Mackenzie,38.5809508,-90.3164013,nominatim,
the West Pier,54.282977,-0.391772,nominatim,
Great Northern Railway,53.8578955,-6.4955776,nominatim,
the West Lighthouse,52.0672434,4.3246748,nominatim,
Morpheus,59.3243283,18.0703653,nominatim,
Hamburg,53.550341,10.000654,nominatim,
Wilhelmina,53.2428079,6.5685752,nominatim,
coma,48.2491446,19.887084,nominatim,
the Great Eastern Hotel,22.5684154,88.3495141,nominatim,
Holmwood,51.1811282,-0.320874,nominatim,
Dame Nature,50.8368552,4.3620661,nominatim,
Floridas,57.1879768,27.0605473,nominatim,
Ophelia,37.9101284,-76.2835554,nominatim,
Superintendent,33.9739182,-94.2878786,nominatim,
Norway,61.1529386,8.7876653,nominatim,
Zoo,52.3855297,9.7729005,nominatim,
Antwerp,51.2211097,4.3997081,nominatim,
M.R.C.S.,-34.6360064,-58.4696042,nominatim,
Hyde Park Corner,51.5027264,-0.1543249,nominatim,
the Shooter’s Hill,51.4861237,-1.09021,nominatim,
Later._--He,52.3845044,4.5422888,nominatim,
Holland,52.2434979,5.6343227,nominatim,
the North Hospital,40.8803581,-73.8813965,nominatim,
Straightway,41.6452779,-70.3117833,nominatim,
Eastern Europe,-33.8234977,25.6291504,nominatim,
the Berkeley Hotel,53.5907249,-0.6846355,nominatim,
Underground,43.2258226,5.3686422,nominatim,
Fenchurch Street,51.5116463,-0.0836295,nominatim,
Jerusalem,31.7788472,35.2257856,nominatim,
Greece,38.9953683,21.9877132,nominatim,
Rome,41.8933203,12.4829321,nominatim,
Van Helsing,51.6224203,6.9756612,nominatim,
Chicksand Street,51.5183855,-0.0701749,nominatim,
Jamaica Lane,32.7376363,-97.2747641,nominatim,
Bartel Street,32.7904893,-117.1288116,nominatim,
Cross Angel Street,51.5390659,-0.0996269,nominatim,
Berkeley,37.8708393,-122.272863,nominatim,
Sackville Street,51.5088497,-0.1376547,nominatim,
Malvolio,-34.1054305,150.7892098,nominatim,
Breakfast,55.7579096,37.5973729,nominatim,
Arlington Street,51.5071834,-0.1410021,nominatim,
Death,36.4228722,-116.913718,nominatim,
the hall:--,39.7701985,-86.1529514,nominatim,
Port of London,51.5093935,0.0350079,nominatim,
Black-Sea,43.872824,33.9938077,nominatim,
Frenchmen,51.1717799,-58.4426909,nominatim,
Paris,48.8588897,2.320041,nominatim,
Kúkri,23.5117185,76.3661172,nominatim,
Bucharest,44.4361414,26.102684,nominatim,
the Great River,-34.0425,22.2313889,nominatim,
Galatz,45.4338215,28.0549395,nominatim,
Consul,52.4813269,-1.9054517,nominatim,
Hapgood,43.2263507,-72.9368997,nominatim,
St. Peter,48.01786,8.0358335,nominatim,
Borgo,46.0533463,11.4566004,nominatim,
Fundu,3.055329,31.442704,nominatim,
Rapids,43.0957985,-78.6545955,nominatim,
